City_ID,City,Country,Lat,Lng,Max Temp,Humidity,Cloudiness,Wind Speed,Current Description
0,Jamestown,US,42.097,-79.2353,31.01,70,97,11.99,overcast clouds
1,Barrow,US,71.2906,-156.7887,32.5,87,100,9.98,overcast clouds
2,Kahului,US,20.8947,-156.47,82.98,80,24,8.99,few clouds
3,Cape Town,ZA,-33.9258,18.4232,59.92,75,0,8.05,clear sky
4,Talara,PE,-4.5772,-81.2719,64.76,88,94,13.33,overcast clouds
5,Mahebourg,MU,-20.4081,57.7,69.26,88,20,6.91,few clouds
6,Hualmay,PE,-11.0964,-77.6139,64.45,83,46,7.16,scattered clouds
7,Busselton,AU,-33.65,115.3333,53.89,68,87,20.94,light rain
8,Comodoro Rivadavia,AR,-45.8667,-67.5,71.46,35,0,11.5,clear sky
9,Klaksvik,FO,62.2266,-6.589,47.32,83,88,35.9,light rain
10,Lorengau,PG,-2.0226,147.2712,85.87,64,97,6.2,overcast clouds
11,Grindavik,IS,63.8424,-22.4338,41.47,100,100,6.91,overcast clouds
12,Hammerfest,NO,70.6634,23.6821,30.65,93,47,3.44,scattered clouds
13,Tezu,IN,27.9167,96.1667,68.76,37,0,0.98,clear sky
14,Nikolskoye,RU,59.7035,30.7861,26.49,84,10,6.24,clear sky
15,Bathsheba,BB,13.2167,-59.5167,79.97,78,14,17.05,few clouds
16,Cairns,AU,-16.9167,145.7667,98.06,62,32,12.66,scattered clouds
17,Katsuura,JP,35.1333,140.3,61.5,64,86,10.83,overcast clouds
18,Havoysund,NO,70.9963,24.6622,37.63,81,24,8.3,few clouds
19,Juneau,US,58.3019,-134.4197,34.21,93,40,0.0,fog
20,Yenagoa,NG,4.9247,6.2642,74.64,92,44,3.42,scattered clouds
21,Geraldton,AU,-28.7667,114.6,66.61,55,75,24.16,broken clouds
22,Mataura,NZ,-46.1927,168.8643,58.48,59,92,1.43,overcast clouds
23,Narsaq,GL,60.9167,-46.05,17.82,94,100,1.16,light snow
24,Huarmey,PE,-10.0681,-78.1522,64.58,85,79,6.22,broken clouds
25,Semirom,IR,31.4167,51.5667,37.02,97,100,6.69,overcast clouds
26,Port Alfred,ZA,-33.5906,26.891,63.18,94,100,7.38,overcast clouds
27,Xai-Xai,MZ,-25.0519,33.6442,71.29,76,3,6.62,clear sky
28,Madaoua,NE,14.073,5.96,70.38,19,76,9.46,broken clouds
29,Santa Cruz,BO,-17.8,-63.1667,78.8,35,1,4.47,clear sky
30,Russkaya Polyana,UA,49.417,31.9201,29.32,84,100,8.12,overcast clouds
31,Pacific Grove,US,36.6177,-121.9166,57.38,75,0,3.44,clear sky
32,Cherskiy,RU,68.75,161.3,-24.11,100,100,5.79,overcast clouds
33,Ushuaia,AR,-54.8,-68.3,51.46,43,40,12.66,scattered clouds
34,Atuona,PF,-9.8,-139.0333,78.28,75,95,15.9,overcast clouds
35,Camana,PE,-16.6228,-72.7111,65.86,82,100,5.1,overcast clouds
36,Saint Anthony,US,45.0205,-93.218,25.75,80,100,17.27,overcast clouds
37,Butaritari,KI,3.0707,172.7902,80.92,75,71,13.2,broken clouds
38,Hermanus,ZA,-34.4187,19.2345,52.81,69,90,3.11,overcast clouds
39,Ahuimanu,US,21.4447,-157.8378,82.11,73,75,9.22,broken clouds
40,Mecca,SA,21.4267,39.8261,76.12,72,0,3.58,clear sky
41,Eirunepe,BR,-6.6603,-69.8736,72.54,99,100,1.16,overcast clouds
42,Taoudenni,ML,22.6783,-3.9836,71.26,16,0,8.52,clear sky
43,Castro,BR,-24.7911,-50.0119,51.28,67,0,4.76,clear sky
44,Bluff,NZ,-46.6,168.3333,58.8,86,97,13.13,overcast clouds
45,Hilo,US,19.7297,-155.09,80.26,92,71,7.0,broken clouds
46,Upernavik,GL,72.7868,-56.1549,10.44,70,48,3.85,scattered clouds
47,Fortuna,US,40.5982,-124.1573,48.65,93,0,5.75,clear sky
48,Georgetown,MY,5.4112,100.3354,83.89,91,20,5.01,few clouds
49,Vaini,TO,-21.2,-175.2,78.01,73,6,7.07,clear sky
50,Ostrovnoy,RU,68.0531,39.5131,37.22,74,100,15.01,overcast clouds
51,Saint-Philippe,RE,-21.3585,55.7679,67.59,72,23,3.78,few clouds
52,Kavieng,PG,-2.5744,150.7967,84.51,66,97,11.43,overcast clouds
53,Touros,BR,-5.1989,-35.4608,78.01,75,12,12.66,few clouds
54,Hamilton,US,39.1834,-84.5333,30.29,74,100,6.91,haze
55,Hobart,AU,-42.8794,147.3294,66.22,60,20,10.36,few clouds
56,Kara-Tyube,RU,44.6336,45.4369,44.89,95,75,8.72,broken clouds
57,Tasiilaq,GL,65.6145,-37.6368,33.96,77,100,6.73,light snow
58,Sorland,NO,67.667,12.6934,44.46,53,44,9.42,scattered clouds
59,Atambua,ID,-9.1061,124.8925,86.72,57,49,3.96,scattered clouds
60,East London,ZA,-33.0153,27.9116,65.26,89,100,1.1,overcast clouds
61,Torbay,CA,47.6666,-52.7314,45.57,85,100,10.0,overcast clouds
62,Mar Del Plata,AR,-38.0023,-57.5575,60.87,87,98,15.99,overcast clouds
63,Yellowknife,CA,62.456,-114.3525,16.32,67,20,11.5,few clouds
64,Camacha,PT,33.0833,-16.3333,65.62,77,40,9.22,scattered clouds
65,Ca Mau,VN,9.1769,105.15,82.98,80,100,10.02,overcast clouds
66,Nelson Bay,AU,-32.7167,152.15,68.05,63,65,13.0,broken clouds
67,Avarua,CK,-21.2078,-159.775,78.85,83,75,13.8,broken clouds
68,Chuy,UY,-33.6971,-53.4616,64.13,65,83,3.15,broken clouds
69,Yabelo,ET,4.8833,38.0833,58.17,60,0,10.76,clear sky
70,Punta Arenas,CL,-53.15,-70.9167,50.11,57,46,22.79,scattered clouds
71,Guerrero Negro,MX,27.9769,-114.0611,64.17,59,5,8.63,clear sky
72,Mezen,RU,65.8522,44.24,33.98,95,100,6.02,overcast clouds
73,Yar-Sale,RU,66.8333,70.8333,14.23,82,70,21.12,broken clouds
74,Nguru,NG,12.8791,10.4526,68.43,24,23,8.84,few clouds
75,Arraial Do Cabo,BR,-22.9661,-42.0278,71.22,73,0,6.24,clear sky
76,Broken Hill,AU,-31.95,141.4333,73.56,23,55,11.03,broken clouds
77,Egvekinot,RU,66.3167,-179.1667,27.05,99,100,4.45,snow
78,Mana,GF,5.6592,-53.7767,78.51,84,66,10.0,broken clouds
79,Flin Flon,CA,54.7682,-101.865,10.36,81,100,9.55,overcast clouds
80,Rio Grande,BR,-32.035,-52.0986,66.25,73,59,7.23,broken clouds
81,Kapaa,US,22.0752,-159.319,79.12,76,75,4.0,broken clouds
82,Clyde River,CA,70.4692,-68.5914,-15.0,95,43,5.01,scattered clouds
83,Bredasdorp,ZA,-34.5322,20.0403,57.6,69,100,1.86,overcast clouds
84,Albany,US,42.6001,-73.9662,34.57,67,62,1.01,broken clouds
85,Henties Bay,NA,-22.116,14.2845,58.98,92,92,5.84,overcast clouds
86,Santa Vitoria Do Palmar,BR,-33.5189,-53.3681,65.32,60,92,3.2,overcast clouds
87,Uvinza,TZ,-5.1036,30.3911,65.19,96,100,1.79,overcast clouds
88,Salmas,IR,38.1973,44.7653,39.6,66,0,6.06,clear sky
89,Chumikan,RU,54.7183,135.315,21.88,79,100,11.01,overcast clouds
90,Verkhnevilyuysk,RU,63.4453,120.3167,-14.78,98,24,4.07,few clouds
91,Ancud,CL,-41.8697,-73.8203,54.61,96,100,4.0,overcast clouds
92,Pundaguitan,PH,6.3711,126.1689,80.64,83,100,13.31,overcast clouds
93,Coahuayana,MX,18.7333,-103.6833,75.6,92,1,1.61,clear sky
94,Imeni Poliny Osipenko,RU,52.4201,136.4853,21.51,87,100,4.14,overcast clouds
95,Poso,ID,-1.3959,120.7524,85.26,69,100,2.19,overcast clouds
96,Orizona,BR,-17.0314,-48.2958,70.92,68,31,0.89,scattered clouds
97,Det Udom,TH,14.906,105.0784,83.8,66,100,3.42,overcast clouds
98,Saskylakh,RU,71.9167,114.0833,-36.2,100,21,3.69,few clouds
99,Neryungri,RU,56.6709,124.6491,9.16,91,98,3.06,overcast clouds
100,Sirohi,IN,24.8833,72.8667,63.73,34,0,4.23,clear sky
101,Porto Novo,BJ,6.4965,2.6036,77.56,82,23,4.56,few clouds
102,Khatanga,RU,71.9667,102.5,-21.87,89,99,9.15,overcast clouds
103,Norman Wells,CA,65.282,-126.8329,9.34,79,43,0.76,scattered clouds
104,Lasa,IT,46.6166,10.7002,42.03,91,100,0.69,overcast clouds
105,Kolpashevo,RU,58.3131,82.9089,-16.17,100,58,3.76,broken clouds
106,Kruisfontein,ZA,-34.0033,24.7314,60.89,76,100,1.63,overcast clouds
107,Pozhva,RU,59.0912,56.0847,7.81,92,5,2.08,clear sky
108,Tromso,NO,69.6496,18.957,31.37,100,65,3.44,broken clouds
109,Galle,LK,6.0367,80.217,76.21,80,88,5.46,overcast clouds
110,Merauke,ID,-8.4667,140.3333,84.58,73,99,3.91,overcast clouds
111,Ginowan,JP,26.2627,127.7615,79.79,87,75,8.05,broken clouds
112,Thompson,CA,55.7435,-97.8558,10.49,87,100,10.2,overcast clouds
113,Los Llanos De Aridane,ES,28.6585,-17.9182,64.15,74,0,5.01,clear sky
114,Kibaya,TZ,-5.3,36.5667,60.3,88,100,2.48,overcast clouds
115,Provideniya,RU,64.3833,-173.3,33.91,93,100,18.01,fog
116,Tuktoyaktuk,CA,69.4541,-133.0374,12.27,81,27,7.38,scattered clouds
117,Yelkhovka,RU,53.8667,50.2832,30.96,97,100,17.63,light snow
118,Oparino,RU,59.8518,48.2783,10.89,94,8,4.45,clear sky
119,Husavik,IS,66.0449,-17.3389,42.84,83,100,9.86,overcast clouds
120,Cayenne,GF,4.9333,-52.3333,78.84,83,0,3.44,clear sky
121,Cauquenes,CL,-35.9671,-72.3225,55.9,81,100,5.08,overcast clouds
122,Borova,UA,50.1763,30.1043,28.26,85,94,4.14,overcast clouds
123,Margate,GB,51.3813,1.3862,46.9,87,90,4.0,light rain
124,New London,US,41.4834,-72.0662,39.7,62,0,5.75,clear sky
125,Biasca,CH,46.3597,8.9697,50.36,94,100,0.74,overcast clouds
126,Terney,RU,45.0503,136.6092,34.86,81,100,3.13,light snow
127,Komsomolskiy,UZ,40.4272,71.7189,38.12,81,100,2.3,mist
128,Ilinskiy,RU,55.619,38.1182,21.58,86,75,11.18,broken clouds
129,Berlevag,NO,70.8578,29.0864,37.35,87,100,5.75,overcast clouds
130,Hasaki,JP,35.7333,140.8333,63.28,55,92,10.92,overcast clouds
131,Catamarca,AR,-28.4696,-65.7852,88.07,32,0,18.23,clear sky
132,Broome,US,42.2506,-75.833,31.01,82,20,6.91,few clouds
133,Pisco,PE,-13.7,-76.2167,63.01,82,0,14.97,clear sky
134,Manggar,ID,-2.8833,108.2667,82.45,75,100,2.37,moderate rain
135,Rawson,AR,-43.3002,-65.1023,64.71,73,98,10.4,overcast clouds
136,Marathon,US,44.9,-89.7668,21.15,85,100,12.66,overcast clouds
137,Chudovo,RU,59.1167,31.6833,23.94,85,24,7.7,few clouds
138,Pevek,RU,69.7008,170.3133,-6.27,98,100,5.88,overcast clouds
139,Esperance,AU,-33.8667,121.9,62.91,45,55,11.39,broken clouds
140,Rikitea,PF,-23.1203,-134.9692,70.05,91,100,11.7,moderate rain
141,Deputatskiy,RU,69.3,139.9,-26.73,99,19,2.46,few clouds
142,Kemijarvi,FI,66.7131,27.4306,14.68,86,12,2.68,few clouds
143,Vardo,NO,70.3705,31.1107,39.18,70,100,5.75,overcast clouds
144,Teahupoo,PF,-17.8333,-149.2667,76.96,85,80,9.15,light rain
145,Sukhoy Log,RU,56.9094,62.0296,-1.1,97,6,6.06,clear sky
146,Oistins,BB,13.0667,-59.5333,80.69,78,40,17.27,scattered clouds
147,Puerto Ayora,EC,-0.7393,-90.3518,69.55,91,10,8.99,clear sky
148,Caravelas,BR,-17.7125,-39.2481,72.43,93,100,10.22,light rain
149,Raudeberg,NO,61.9875,5.1352,47.07,40,2,7.16,clear sky
150,Opuwo,NA,-18.0607,13.84,69.58,51,7,3.22,clear sky
151,Praia Da Vitoria,PT,38.7333,-27.0667,57.76,81,21,5.03,few clouds
152,Qaanaaq,GL,77.484,-69.3632,-16.22,71,4,7.31,clear sky
153,Marsa Matruh,EG,31.3525,27.2453,65.01,42,0,15.48,clear sky
154,Victoria,HK,22.2855,114.1577,82.04,82,1,5.01,clear sky
155,Homer,US,59.6425,-151.5483,40.8,82,22,1.99,few clouds
156,Najran,SA,17.4924,44.1277,59.31,36,0,0.67,clear sky
157,Sarlat-La-Caneda,FR,44.889,1.2166,45.81,97,4,4.56,clear sky
158,San Antonio,US,29.4241,-98.4936,54.12,42,100,11.5,overcast clouds
159,Yeppoon,AU,-23.1333,150.7333,80.38,53,50,11.27,scattered clouds
160,Parabel,RU,58.6978,81.4825,-11.79,97,22,6.11,few clouds
161,Popondetta,PG,-8.7537,148.2534,93.78,46,98,7.27,overcast clouds
162,Carnarvon,AU,-24.8667,113.6333,67.5,57,96,19.15,overcast clouds
163,Ponta Do Sol,PT,32.6667,-17.1,68.72,75,15,6.42,few clouds
164,New Norfolk,AU,-42.7826,147.0587,65.88,46,25,3.0,scattered clouds
165,Dikson,RU,73.5069,80.5464,0.05,94,100,23.78,light snow
166,Vestmannaeyjar,IS,63.4427,-20.2734,45.93,85,100,20.85,light rain
167,Nanortalik,GL,60.1432,-45.2371,22.82,72,100,3.91,overcast clouds
168,Labuhan,ID,-6.8844,112.2051,82.44,68,100,8.37,overcast clouds
169,Matara,LK,5.9485,80.5353,77.58,83,75,1.92,broken clouds
170,Hithadhoo,MV,-0.6,73.0833,81.18,75,9,13.82,clear sky
171,Eregli,TR,37.5133,34.0467,44.94,72,26,0.22,scattered clouds
172,Bonnyville,CA,54.2668,-110.735,9.34,85,89,9.33,overcast clouds
173,Kholmogory,RU,64.2229,41.656,20.84,95,92,4.03,overcast clouds
174,Luderitz,NA,-26.6481,15.1594,58.48,63,62,13.22,broken clouds
175,Huicungo,PE,-7.2833,-76.8,67.23,94,72,1.16,broken clouds
176,Daru,PG,-9.0763,143.2092,84.0,77,100,3.62,overcast clouds
177,Halden,NO,59.1226,11.3871,34.23,74,100,11.12,overcast clouds
178,Pokhara,NP,28.2333,83.9833,59.74,55,5,1.92,clear sky
179,Haines Junction,CA,60.7522,-137.5108,9.63,94,15,1.3,few clouds
180,Koumac,NC,-20.5667,164.2833,81.43,66,9,10.69,clear sky
181,Srikakulam,IN,18.3,83.9,69.13,62,100,6.87,overcast clouds
182,Mandalgovi,MN,45.7625,106.2708,30.97,33,100,11.34,overcast clouds
183,Pauini,BR,-7.7136,-66.9764,73.8,99,100,2.48,overcast clouds
184,Kavaratti,IN,10.5669,72.642,82.24,64,11,9.15,few clouds
185,Central Point,US,42.376,-122.9164,47.71,64,0,0.0,clear sky
186,Coari,BR,-4.085,-63.1414,73.87,98,100,2.8,overcast clouds
187,Vitim,RU,59.4511,112.5578,10.4,95,100,4.7,light snow
188,Doraha,IN,30.8167,76.0167,57.31,56,0,1.19,clear sky
189,Northam,GB,51.0333,-4.2167,51.62,79,38,18.95,light rain
190,Hongjiang,CN,27.11,109.9956,56.95,93,99,2.55,overcast clouds
191,San Patricio,US,28.017,-97.5169,54.84,58,100,6.38,overcast clouds
192,Tafresh,IR,34.692,50.013,41.5,86,5,5.66,clear sky
193,Logansport,US,40.7545,-86.3567,32.74,79,100,14.97,overcast clouds
194,Carmen,MX,18.6333,-91.8333,78.84,83,40,3.44,scattered clouds
195,Nantucket,US,41.2835,-70.0995,44.71,54,20,13.8,few clouds
196,Tzucacab,MX,20.0667,-89.05,74.35,86,90,4.68,overcast clouds
197,Marmora,IT,44.4583,7.094,39.67,88,93,7.83,overcast clouds
198,Kandi,BJ,11.1342,2.9386,70.59,34,5,4.59,clear sky
199,Moron,AR,-34.6534,-58.6198,73.99,71,96,12.84,overcast clouds
200,Sao Filipe,CV,14.8961,-24.4956,78.71,76,100,2.39,overcast clouds
201,Maputo,MZ,-25.9653,32.5892,73.51,85,1,4.54,clear sky
202,Asau,RO,46.4333,26.4,33.28,88,94,4.43,overcast clouds
203,Mount Gambier,AU,-37.8333,140.7667,71.06,42,99,8.75,overcast clouds
204,Urucuca,BR,-14.5931,-39.2844,70.56,99,100,0.58,light rain
205,Faanui,PF,-16.4833,-151.75,79.52,76,17,7.65,light rain
206,Aklavik,CA,68.2191,-135.0107,10.11,81,63,5.37,broken clouds
207,Yaan,NG,7.3833,8.5667,76.17,67,82,4.5,broken clouds
208,Bayir,TR,37.2687,28.2167,55.92,93,97,7.4,overcast clouds
209,Cuenca,EC,-2.8833,-78.9833,50.23,92,65,1.1,broken clouds
210,Airai,TL,-8.9266,125.4092,77.0,48,25,1.3,scattered clouds
211,Crotone,IT,39.0851,17.1178,62.38,74,3,6.82,clear sky
212,Sao Joao Da Barra,BR,-21.6403,-41.0511,68.56,82,33,13.38,scattered clouds
213,Campo Formoso,BR,-10.5075,-40.3214,74.57,67,81,6.85,broken clouds
214,Kodiak,US,57.79,-152.4072,42.31,93,100,8.05,mist
215,Port Hardy,CA,50.6996,-127.4199,43.07,64,11,5.99,few clouds
216,Port Elizabeth,ZA,-33.918,25.5701,63.1,81,100,1.52,overcast clouds
217,Burns Lake,CA,54.2331,-125.7533,18.01,94,52,2.26,broken clouds
218,Hami,CN,42.8,93.45,36.05,66,83,5.88,broken clouds
219,Raga,SS,8.4596,25.678,69.17,32,90,4.05,overcast clouds
220,Soligalich,RU,59.0778,42.2864,17.58,81,9,9.19,clear sky
221,Iqaluit,CA,63.7506,-68.5145,0.43,91,99,3.58,overcast clouds
222,Alofi,NU,-19.0595,-169.9187,80.49,74,40,8.05,scattered clouds
223,Lykhivka,UA,48.6874,33.9228,29.52,93,94,10.58,overcast clouds
224,Koforidua,GH,6.0941,-0.2591,71.56,97,97,2.24,overcast clouds
225,Yelanskiy,RU,56.8419,62.5014,-2.6,96,6,4.74,clear sky
226,Thunder Bay,CA,48.4001,-89.3168,22.89,88,100,4.23,overcast clouds
227,Portland,US,45.5234,-122.6762,44.82,54,0,25.32,clear sky
228,Kiunga,PG,-6.1219,141.2906,89.6,56,98,3.87,overcast clouds
229,Lloydminster,CA,53.2835,-110.0016,8.51,80,95,12.15,overcast clouds
230,Conde,BR,-7.2597,-34.9075,74.82,86,27,5.73,scattered clouds
231,Bengkulu,ID,-3.8004,102.2655,80.49,75,100,8.61,overcast clouds
232,Kijang,KR,35.2442,129.2139,59.27,38,0,5.37,clear sky
233,Kalmunai,LK,7.4167,81.8167,73.96,81,100,9.6,overcast clouds
234,Praia,CV,14.9215,-23.5087,77.54,78,20,20.71,few clouds
235,Zhigansk,RU,66.7697,123.3711,-8.68,98,100,10.36,overcast clouds
236,Dali,CN,25.7,100.1833,54.61,46,0,0.78,clear sky
237,Saldanha,ZA,-33.0117,17.9442,59.14,72,78,14.99,broken clouds
238,Japura,ID,-0.3167,102.35,81.66,69,100,3.74,overcast clouds
239,Olinda,BR,-8.0089,-34.8553,77.04,84,21,8.59,few clouds
240,Brae,GB,60.3964,-1.353,45.16,66,100,33.78,overcast clouds
241,Savannah Bight,HN,16.45,-85.85,82.0,75,44,15.35,moderate rain
242,Chokurdakh,RU,70.6333,147.9167,-11.9,98,100,4.34,overcast clouds
243,Sinnamary,GF,5.3833,-52.95,78.6,83,99,10.96,overcast clouds
244,Lagoa,PT,39.05,-27.9833,60.51,54,51,5.95,broken clouds
245,Saint-Pierre,RE,-21.3393,55.4781,69.91,60,0,8.05,clear sky
246,Helong,CN,42.5397,128.9972,42.03,50,0,10.16,clear sky
247,Mayo,US,38.8876,-76.5119,39.15,62,0,13.8,clear sky
248,Flinders,AU,-34.5833,150.8552,64.26,56,33,12.3,scattered clouds
249,Bojnurd,IR,37.4747,57.329,52.57,50,100,3.83,overcast clouds
250,Ascension,US,30.2169,-90.9001,45.01,74,0,0.0,clear sky
251,Carnduff,CA,49.1667,-101.8009,4.37,89,98,14.18,overcast clouds
252,Boguchany,RU,58.3814,97.4531,-5.84,99,12,2.89,few clouds
253,Samarskoye,RU,46.9336,39.6814,52.84,80,100,30.36,overcast clouds
254,Palmer,US,42.1584,-72.3287,36.01,54,20,10.36,few clouds
255,Lavrentiya,RU,65.5833,-171.0,33.69,92,100,20.71,overcast clouds
256,Atar,MR,20.5169,-13.0499,73.08,18,0,9.1,clear sky
257,Longyearbyen,SJ,78.2186,15.6401,24.64,86,100,3.44,light snow
258,Lagos,NG,6.5833,3.75,74.62,92,51,1.83,moderate rain
259,Sterling,US,39.0062,-77.4286,38.19,60,75,9.22,broken clouds
260,Ponta Delgada,PT,37.7333,-25.6667,59.5,97,14,3.31,few clouds
261,Mon,IN,26.75,95.1,65.57,58,0,0.4,clear sky
262,Vila Franca Do Campo,PT,37.7167,-25.4333,59.2,73,12,2.28,few clouds
263,Pangody,RU,65.85,74.4859,14.23,93,100,22.59,light snow
264,Sitka,US,57.0531,-135.33,41.58,50,9,3.76,clear sky
265,Namibe,AO,-15.1961,12.1522,69.3,84,83,4.9,broken clouds
266,Faya,SA,18.3851,42.4509,54.12,74,0,1.79,clear sky
267,Ibra,OM,22.6906,58.5334,65.79,77,0,1.19,clear sky
268,Katobu,ID,-4.9408,122.5276,87.33,63,100,4.34,overcast clouds
269,Wasilla,US,61.5814,-149.4394,38.73,81,0,3.44,clear sky
270,Linqiong,CN,30.4159,103.4609,57.47,78,100,1.5,overcast clouds
271,Ilebo,CD,-4.3167,20.5833,68.11,100,50,2.13,scattered clouds
272,Fairbanks,US,64.8378,-147.7164,15.6,85,0,3.44,clear sky
273,Aykhal,RU,66.0,111.5,-29.18,100,53,5.86,broken clouds
274,Oranjestad,AW,12.524,-70.027,79.92,94,40,10.36,scattered clouds
275,Del Rio,US,29.3627,-100.8968,51.91,41,0,8.05,clear sky
276,Vao,NC,-22.6667,167.4833,75.52,79,66,11.68,broken clouds
277,Nome,US,64.5011,-165.4064,35.67,93,100,13.8,light rain
278,Ravar,IR,31.2656,56.8055,60.66,51,95,5.03,overcast clouds
279,Buala,SB,-8.145,159.5921,83.84,73,75,3.89,light rain
280,Mirnyy,RU,62.5353,113.9611,-17.77,75,46,7.0,scattered clouds
281,Bondo,CD,3.8146,23.6866,68.14,91,90,1.86,overcast clouds
282,Dunedin,NZ,-45.8742,170.5036,59.81,72,91,1.01,overcast clouds
283,Tazmalt,DZ,36.3868,4.3989,59.09,84,0,4.88,clear sky
284,Kysyl-Syr,RU,63.8986,122.7617,-2.72,94,100,7.02,overcast clouds
285,Zeya,RU,53.75,127.2667,19.78,79,22,2.26,few clouds
286,Benicarlo,ES,40.4165,0.4271,60.57,59,15,17.36,few clouds
287,Severo-Kurilsk,RU,50.6789,156.125,35.02,68,100,15.52,overcast clouds
288,Codrington,AU,-38.2667,141.9667,66.27,59,10,9.98,clear sky
289,Baykit,RU,61.67,96.37,-19.84,99,97,2.08,overcast clouds
290,Bambous Virieux,MU,-20.3428,57.7575,69.22,88,20,6.91,few clouds
291,Salinas,US,36.6777,-121.6555,59.81,60,0,5.75,clear sky
292,Abrau-Dyurso,RU,44.69,37.59,58.46,87,98,25.68,light rain
293,Shuyskoye,RU,59.3736,41.0305,16.81,80,6,9.48,clear sky
294,Sobolevo,RU,54.4299,31.8996,21.87,82,84,10.87,broken clouds
295,Kambove,CD,-10.8764,26.5969,60.42,92,10,2.33,clear sky
296,Sistranda,NO,63.7256,8.834,40.96,45,100,28.59,overcast clouds
297,Ilhabela,BR,-23.7781,-45.3581,69.76,77,35,4.18,scattered clouds
298,Tura,IN,25.5198,90.2201,67.26,76,3,3.94,clear sky
299,Bereda,ES,43.2686,-7.5406,47.41,100,80,2.24,light rain
300,Algiers,DZ,36.7525,3.042,67.82,64,20,8.05,few clouds
301,Ormara,PK,25.2088,64.6357,77.11,61,6,8.46,clear sky
302,Muisne,EC,0.6,-80.0333,73.76,82,99,8.52,overcast clouds
303,Haapiti,PF,-17.5667,-149.8667,82.13,81,84,7.92,broken clouds
304,Novobiryusinskiy,RU,56.9578,97.7076,10.89,84,98,6.96,overcast clouds
305,Hohhot,CN,40.8106,111.6522,43.02,48,100,8.16,overcast clouds
306,Beyneu,KZ,45.3167,55.2,39.22,76,45,13.85,scattered clouds
307,Cidreira,BR,-30.1811,-50.2056,66.72,83,19,8.52,few clouds
308,Marawi,PH,7.9986,124.2928,73.13,89,100,3.36,overcast clouds
309,Grand-Santi,GF,4.25,-54.3833,75.78,82,98,2.66,overcast clouds
310,Mnogovershinnyy,RU,53.9353,139.9242,18.43,76,100,3.94,overcast clouds
311,Shuya,RU,56.8487,41.3883,23.04,87,100,14.47,light snow
312,Aksarayskiy,RU,46.7924,48.0119,41.31,91,100,8.28,overcast clouds
313,Rajmahal,IN,25.05,87.8333,69.06,58,0,6.31,clear sky
314,Marsala,IT,37.7966,12.4352,66.94,86,6,16.71,clear sky
315,Cockburn Town,TC,21.4612,-71.1419,81.66,75,5,19.13,clear sky
316,Kapoeta,SS,4.7717,33.5903,76.53,63,37,4.16,light rain
317,Namatanai,PG,-3.6667,152.4333,84.92,61,40,8.59,scattered clouds
318,Muli,MV,2.9167,73.5667,81.88,78,100,16.08,overcast clouds
319,Ribeira Grande,PT,38.5167,-28.7,56.77,70,17,3.0,few clouds
320,Ulaangom,MN,49.9811,92.0667,20.34,91,100,6.78,light snow
321,Uralets,RU,57.6614,59.6497,-0.4,95,5,2.39,clear sky
322,Vostok,RU,46.4856,135.8833,28.62,92,100,1.61,snow
323,Tual,ID,-5.6667,132.75,81.82,80,100,9.86,overcast clouds
324,Saint-Louis,SN,16.3333,-15.0,82.76,18,24,9.71,few clouds
325,Nabire,ID,-3.3667,135.4833,83.25,75,100,2.17,overcast clouds
326,Tabas,IR,33.5959,56.9244,60.42,67,100,1.99,overcast clouds
327,Ventspils,LV,57.3894,21.5606,33.73,80,100,8.05,overcast clouds
328,Pahrump,US,36.2083,-115.9839,50.25,31,9,1.61,clear sky
329,Waipawa,NZ,-41.4122,175.5153,62.53,88,62,11.32,broken clouds
330,Uchkeken,RU,43.9378,42.5117,46.51,45,99,6.13,overcast clouds
331,Richmond,US,37.5538,-77.4603,37.65,75,0,6.91,clear sky
332,Anchorage,US,61.2181,-149.9003,35.56,78,35,4.0,scattered clouds
333,Antropovo,RU,58.3988,43.0066,18.0,83,64,11.52,broken clouds
334,Kisangani,CD,0.5167,25.2,68.22,99,100,1.92,light rain
335,Nuuk,GL,64.1835,-51.7216,22.87,79,100,11.99,overcast clouds
336,San Vicente,AR,-26.6167,-54.1333,60.55,69,0,3.11,clear sky
337,Malakal,SS,9.5334,31.6605,73.8,31,4,6.46,clear sky
338,Bukachacha,RU,52.9833,116.9167,20.37,77,100,2.21,overcast clouds
339,Itupiranga,BR,-5.1347,-49.3267,76.62,82,65,1.5,broken clouds
340,Bethel,US,41.3712,-73.414,37.76,63,0,6.91,clear sky
341,Tuatapere,NZ,-46.1333,167.6833,56.19,90,99,3.65,overcast clouds
342,Mersing,MY,2.4312,103.8405,78.57,87,100,4.21,heavy intensity rain
343,Coihaique,CL,-45.5752,-72.0662,53.55,94,100,4.61,light rain
344,Nyurba,RU,63.2842,118.3319,-18.02,96,14,4.27,few clouds
345,Moerai,PF,-22.4333,-151.3333,73.08,68,23,11.1,few clouds
346,Meulaboh,ID,4.1363,96.1285,77.76,83,100,2.93,overcast clouds
347,Casas Grandes,MX,30.3667,-107.95,42.44,53,84,3.98,broken clouds
348,Avera,US,33.194,-82.5271,38.71,47,9,7.4,clear sky
349,Batagay,RU,67.6333,134.6333,-21.62,88,100,3.62,overcast clouds
350,Lashio,MM,22.9333,97.75,66.27,60,43,1.1,scattered clouds
351,Mugumu,TZ,-1.85,34.7,60.04,90,96,3.11,overcast clouds
352,Bonavista,CA,48.6499,-53.1147,40.41,78,100,27.85,overcast clouds
353,Santa Rosa,PH,14.3122,121.1114,87.1,74,100,13.22,overcast clouds
354,Ondjiva,AO,-17.0667,15.7333,75.7,44,58,4.0,broken clouds
355,Khudumelapye,BW,-23.8833,24.75,72.1,54,64,5.66,broken clouds
356,Cururupu,BR,-1.8283,-44.8683,74.86,91,8,3.62,clear sky
357,Sabya,SA,17.1495,42.6254,80.92,68,0,5.53,clear sky
358,Milkovo,RU,54.7167,158.6167,16.95,80,4,1.39,clear sky
359,Bira,RU,49.0,132.4667,29.32,76,95,0.98,overcast clouds
360,Lodingen,NO,68.414,15.9951,24.75,35,94,6.06,overcast clouds
361,Yumen,CN,40.2833,97.2,34.47,34,0,17.83,clear sky
362,Mattru,SL,7.6244,-11.8332,73.22,92,62,0.29,broken clouds
363,Port Lincoln,AU,-34.7333,135.8667,64.58,65,100,22.12,light rain
364,Pandan,PH,14.0453,124.1694,81.19,87,100,13.58,overcast clouds
365,Pauri,IN,30.15,78.7833,45.72,55,0,4.34,clear sky
366,Lebu,CL,-37.6167,-73.65,57.02,94,100,7.67,overcast clouds
367,Boden,SE,65.8252,21.6886,10.4,75,1,3.15,clear sky
368,Finnsnes,NO,69.2296,17.9811,11.01,66,94,5.68,overcast clouds
369,Lompoc,US,34.6391,-120.4579,59.77,73,0,4.61,clear sky
370,Laa,SL,8.0797,-10.7732,67.28,82,100,1.25,overcast clouds
371,Tigil,RU,57.8,158.6667,22.53,87,100,13.04,overcast clouds
372,Saint George,US,37.1041,-113.5841,46.8,37,0,4.61,clear sky
373,Wakkanai,JP,45.4094,141.6739,40.77,60,100,5.91,overcast clouds
374,Usinsk,RU,65.9939,57.5281,19.92,95,100,19.51,light snow
375,Pueblo,US,38.2545,-104.6091,28.42,58,100,12.66,overcast clouds
376,La Ronge,CA,55.1001,-105.2842,13.3,84,100,11.63,overcast clouds
377,Kalach-Na-Donu,RU,48.691,43.5264,50.09,60,100,18.68,overcast clouds
378,Makungu,TZ,-8.7333,35.2833,61.86,95,99,2.3,overcast clouds
379,Hirado,JP,33.3597,129.5531,67.39,58,7,15.48,clear sky
380,Leningradskiy,RU,69.3833,178.4167,6.64,95,100,14.5,light snow
381,Bafra,TR,41.5678,35.9069,66.81,52,91,5.95,overcast clouds
382,Nouadhibou,MR,20.931,-17.0347,72.23,49,0,19.28,clear sky
383,Partizanskoye,RU,55.5006,94.39,18.41,81,100,8.3,overcast clouds
384,Ayer Molek,MY,2.2033,102.3171,82.04,91,100,1.01,light rain
385,Klyuchi,RU,52.2667,79.1667,15.76,65,32,5.66,scattered clouds
386,Port Pirie,AU,-33.1833,138.0167,73.11,36,100,12.1,light rain
387,Canico,PT,32.6333,-16.85,68.72,83,20,8.05,light rain
388,Ilulissat,GL,69.2167,-51.1,19.42,86,100,0.0,light snow
389,Lishan,CN,31.8576,113.2951,58.48,72,92,3.91,overcast clouds
390,Wahiawa,US,21.5028,-158.0236,79.12,72,40,10.36,scattered clouds
391,Baruun-Urt,MN,46.6806,113.2792,32.2,36,100,3.94,overcast clouds
392,The Valley,AI,18.217,-63.0578,81.1,73,1,20.76,clear sky
393,Atascocita,US,29.9988,-95.1766,55.24,68,75,4.61,broken clouds
394,Palembang,ID,-2.9167,104.7458,82.49,74,20,2.3,few clouds
395,Imbituba,BR,-28.24,-48.6703,63.7,86,57,3.62,broken clouds
396,Murgab,TM,37.4966,61.9714,60.46,35,100,2.68,overcast clouds
397,Noyabrsk,RU,63.1994,75.4507,6.12,76,100,26.87,overcast clouds
398,Morondava,MG,-20.2833,44.2833,76.77,57,0,4.07,clear sky
399,Villarrubia De Los Ojos,ES,39.2209,-3.608,52.03,91,6,9.86,clear sky
400,Adrar,MR,20.5022,-10.0711,67.42,16,0,9.08,clear sky
401,Nemuro,JP,43.3236,145.575,41.05,56,33,11.63,scattered clouds
402,Anadyr,RU,64.75,177.4833,14.5,79,20,15.66,few clouds
403,Tiksi,RU,71.6872,128.8694,-2.24,88,100,5.1,overcast clouds
404,Vanavara,RU,60.34,102.2797,-21.96,100,55,3.8,broken clouds
405,Mount Pleasant,US,32.7941,-79.8626,43.0,85,0,3.44,clear sky
406,Beloha,MG,-25.1667,45.05,66.9,93,0,3.27,clear sky
407,Roma,US,43.2128,-75.4557,33.82,91,100,4.61,overcast clouds
408,Ohaba,RO,46.0706,23.7894,43.95,80,99,4.05,overcast clouds
409,Lucapa,AO,-8.4192,20.7447,62.49,99,60,1.57,moderate rain
410,Shimoda,JP,34.6667,138.95,61.11,63,89,10.63,overcast clouds
411,Te Anau,NZ,-45.4167,167.7167,59.99,76,99,3.27,overcast clouds
412,Talnakh,RU,69.4865,88.3972,1.2,96,100,25.55,light snow
413,Kieta,PG,-6.2167,155.6333,83.05,76,97,4.61,light rain
414,Nadym,RU,65.5333,72.5167,15.75,91,100,25.59,light snow
415,Ola,RU,59.5833,151.2833,2.16,77,29,7.49,scattered clouds
416,Chapais,CA,49.7834,-74.8492,17.06,94,100,7.99,light snow
417,Hare Bay,CA,48.8499,-54.0148,36.19,78,100,18.12,overcast clouds
418,Omsukchan,RU,62.5333,155.8,-13.31,97,100,6.38,overcast clouds
419,Penzance,GB,50.1186,-5.5371,50.68,74,43,28.54,scattered clouds
420,Pangnirtung,CA,66.1451,-65.7125,-5.66,93,48,6.11,scattered clouds
421,Auki,SB,-8.7676,160.7034,82.29,79,96,3.36,overcast clouds
422,Abu Kamal,SY,34.4506,40.9171,58.44,64,0,3.44,clear sky
423,Tateyama,JP,34.9833,139.8667,60.76,61,82,9.44,broken clouds
424,Balabac,PH,7.9868,117.0645,80.87,81,100,14.43,light rain
425,Quang Ngai,VN,15.1167,108.8,81.88,77,48,4.16,scattered clouds
426,Sarangani,PH,5.4033,125.4636,82.2,79,100,14.23,overcast clouds
427,Barranca,PE,-10.75,-77.7667,63.34,84,80,5.21,broken clouds
428,Kollam,IN,8.8833,76.6,77.23,83,97,3.38,overcast clouds
429,Souillac,MU,-20.5167,57.5167,61.18,88,20,6.91,few clouds
430,Valley City,US,46.9233,-98.0032,14.52,92,100,20.71,mist
431,Changji,CN,44.0167,87.3167,27.39,93,75,0.0,broken clouds
432,Abu Zabad,SD,12.35,29.25,65.41,25,1,12.37,clear sky
433,Carutapera,BR,-1.195,-46.02,76.55,89,8,6.04,clear sky
434,Buraydah,SA,26.326,43.975,62.71,86,100,15.52,overcast clouds
435,Coquimbo,CL,-29.9533,-71.3436,58.73,88,0,2.3,clear sky
436,Guthrie,US,35.8789,-97.4253,47.93,55,100,10.36,overcast clouds
437,Erenhot,CN,43.6475,111.9767,38.52,36,100,9.28,overcast clouds
438,San Carlos,VE,9.6612,-68.5827,73.06,95,100,2.46,overcast clouds
439,Ballitoville,ZA,-29.539,31.2144,70.16,89,100,7.0,light rain
440,Qunduz,AF,36.729,68.857,54.73,34,100,4.5,overcast clouds
441,Christchurch,NZ,-43.5333,172.6333,60.42,91,75,10.36,broken clouds
442,Worland,US,44.0169,-107.9554,12.88,76,40,4.61,scattered clouds
443,Conchas,BR,-23.0153,-48.0106,60.78,74,0,11.21,clear sky
444,New Iberia,US,30.0035,-91.8187,44.67,75,0,3.44,clear sky
445,Gimli,CA,50.6336,-96.9907,14.74,87,100,17.56,overcast clouds
446,Trairi,BR,-3.2778,-39.2689,79.47,75,53,11.59,broken clouds
447,Batagay-Alyta,RU,67.8006,130.4114,-17.09,94,99,1.16,overcast clouds
448,Beringovskiy,RU,63.05,179.3167,25.74,94,99,2.13,light snow
449,Masvingo,ZW,-20.0637,30.8277,67.62,59,13,5.26,few clouds
450,Port Keats,AU,-14.25,129.55,89.01,62,31,8.16,scattered clouds
451,Alyangula,AU,-13.8483,136.4192,89.35,49,96,3.09,overcast clouds
452,Lata,PT,40.1629,-8.3327,58.82,96,77,4.0,broken clouds
453,Kaitangata,NZ,-46.2817,169.8464,59.4,72,89,8.52,overcast clouds
454,Kingman,US,35.1894,-114.053,51.28,33,0,6.91,clear sky
455,San Quintin,MX,30.4833,-115.95,61.93,45,98,5.84,overcast clouds
456,Colares,PT,38.7992,-9.4469,59.76,96,85,18.99,overcast clouds
457,Louis Trichardt,ZA,-23.0439,29.9032,70.03,57,2,3.13,clear sky
458,Iwanai,JP,42.9744,140.5089,44.91,67,100,4.14,heavy intensity rain
459,Vestmanna,FO,62.1564,-7.1664,45.52,81,75,29.93,broken clouds
460,Panguna,PG,-6.3164,155.4848,78.44,75,95,1.43,light rain
461,Moranbah,AU,-22.0016,148.0466,87.46,31,56,3.74,broken clouds
462,Ranot,TH,7.7777,100.3213,78.57,85,100,4.7,overcast clouds
463,Salinopolis,BR,-0.6136,-47.3561,79.09,80,83,8.93,broken clouds
464,Guarapari,BR,-20.6667,-40.4975,72.9,81,100,15.17,overcast clouds
465,Cody,US,44.5263,-109.0565,10.62,77,100,0.0,overcast clouds
466,Sola,VU,-13.8833,167.55,82.38,71,6,9.86,clear sky
467,Grand Island,US,40.925,-98.342,22.19,52,0,16.11,clear sky
468,Taksimo,RU,56.3444,114.8794,10.17,94,100,1.92,overcast clouds
469,Byron Bay,AU,-28.65,153.6167,74.71,52,10,9.69,clear sky
470,Sahuaripa,MX,29.05,-109.2333,60.49,40,2,0.58,clear sky
471,Ornskoldsvik,SE,63.2909,18.7153,25.75,100,100,5.75,overcast clouds
472,Nuevo Progreso,MX,23.1667,-97.95,58.46,71,100,7.0,overcast clouds
473,Pinerolo,IT,44.8833,7.35,52.36,91,89,1.99,overcast clouds
474,Half Moon Bay,US,37.4636,-122.4286,58.87,62,0,17.27,clear sky
475,Qaqortoq,GL,60.7167,-46.0333,17.65,88,100,3.49,overcast clouds
476,Keskin,TR,39.6731,33.6136,45.59,77,99,6.53,overcast clouds
477,Tonekabon,IR,36.8163,50.8738,62.64,65,1,3.44,clear sky
478,Talcahuano,CL,-36.7167,-73.1167,60.48,82,0,12.66,clear sky
479,Kresttsy,RU,58.2452,32.5165,22.75,78,77,9.4,light snow
480,Tres Arroyos,AR,-38.3739,-60.2798,64.9,77,48,13.65,light rain
481,Okmulgee,US,35.6234,-95.9605,46.26,56,100,6.91,overcast clouds
482,Bonthe,SL,7.5264,-12.505,77.86,83,100,3.8,overcast clouds
483,Tara,RU,56.8944,74.371,-8.25,99,8,2.48,clear sky
484,Tuy Hoa,VN,13.0833,109.3,79.57,86,99,8.52,overcast clouds
485,Biltine,TD,14.5333,20.9167,69.4,26,1,7.83,clear sky
486,Les Cayes,HT,18.2,-73.75,77.04,84,39,0.89,scattered clouds
487,Neuquen,AR,-38.9516,-68.0591,76.89,61,40,3.44,scattered clouds
488,Iberia,US,29.9502,-91.7507,44.67,75,0,3.44,clear sky
489,Miranda,CO,3.2499,-76.2281,67.64,98,100,0.69,light rain
490,Evensk,RU,61.95,159.2333,10.6,96,100,10.58,snow
491,Port Hedland,AU,-20.3167,118.5667,84.25,30,0,12.66,clear sky
492,Tarnow,PL,50.0138,20.987,36.72,85,100,5.7,overcast clouds
493,Dudinka,RU,69.4058,86.1778,1.62,93,100,30.04,light snow
494,Marienburg,PL,54.0359,19.0266,29.88,88,55,7.31,broken clouds
495,Pravia,ES,43.4906,-6.1508,50.68,82,20,6.91,few clouds
496,Mishkino,RU,55.3389,63.9175,0.68,94,17,4.45,few clouds
497,Fukue,JP,32.6881,128.8419,64.53,58,34,15.35,scattered clouds
498,Padang,ID,-0.9492,100.3543,80.65,78,100,4.23,overcast clouds
499,Iskateley,RU,67.6803,53.1512,28.49,79,89,18.75,overcast clouds
500,Anloga,GH,5.7947,0.8973,80.65,76,54,8.46,broken clouds
501,Lalmohan,BD,22.3384,90.7419,72.43,72,3,12.86,clear sky
502,Khani,GE,41.9563,42.9566,42.37,64,93,6.51,overcast clouds
503,Mikhaylovka,RU,50.06,43.2379,49.78,93,100,18.16,light rain
504,Saint-Georges,GD,12.0564,-61.7485,80.28,83,20,10.36,few clouds
505,Poum,NC,-20.2333,164.0167,78.44,75,2,13.65,clear sky
506,Altamira,BR,-3.2033,-52.2064,80.02,64,50,2.93,scattered clouds
507,Nador,MA,35.174,-2.9287,66.45,77,0,4.61,clear sky
508,Cabedelo,BR,-6.9811,-34.8339,76.87,84,22,7.96,few clouds
509,Erdenet,MN,49.0333,104.0833,19.78,67,100,15.01,overcast clouds
510,Ayan,RU,56.45,138.1667,19.56,54,98,1.83,overcast clouds
511,Troina,IT,37.7854,14.5985,52.92,80,18,2.21,few clouds
512,Irpa Irpa,BO,-17.7167,-66.2667,71.6,47,15,5.79,few clouds
513,Medyn,RU,54.9692,35.8586,21.4,89,100,9.28,overcast clouds
514,Palm Beach,US,26.6503,-80.4498,71.58,82,2,10.13,clear sky
515,Bandarbeyla,SO,9.4942,50.8122,76.33,76,10,12.17,clear sky
516,Paulo Afonso,BR,-9.4061,-38.2147,76.96,66,16,9.69,few clouds
517,Surt,LY,31.2089,16.5887,69.17,43,6,9.42,clear sky
518,Tyrma,RU,50.0833,132.1667,25.59,76,99,1.28,overcast clouds
519,Ulaanbaatar,MN,47.9077,106.8832,23.13,63,75,4.47,light snow
520,Jamui,IN,24.9167,86.2167,65.19,48,0,4.88,clear sky
521,San Carlos De Bariloche,AR,-41.1456,-71.3082,56.95,62,40,12.66,light rain
522,Novyy Urgal,RU,51.0736,132.5642,19.63,75,94,0.89,overcast clouds
523,Kuala Pilah,MY,2.7389,102.2487,81.91,74,100,1.77,overcast clouds
524,Ahipara,NZ,-35.1667,173.1667,67.37,68,0,12.28,clear sky
525,Saint-Joseph,RE,-21.3667,55.6167,66.58,69,11,4.09,few clouds
526,Ati,TD,13.2154,18.3353,73.27,22,6,10.67,clear sky
527,Westport,US,41.1415,-73.3579,40.75,65,0,10.36,clear sky
528,Sarkand,KZ,45.41,79.9186,25.09,73,100,5.32,overcast clouds
529,Alihe,CN,50.5667,123.7167,25.14,68,5,2.48,clear sky
530,Shelburne,CA,44.0787,-80.2041,27.75,94,100,14.58,snow
531,Casma,CL,-41.0082,-73.1244,58.28,98,96,2.17,light rain
532,Uporovo,RU,56.3109,66.2693,0.19,92,5,3.69,clear sky
533,Ozinki,RU,51.1786,49.6769,33.67,96,100,18.03,overcast clouds
534,Katangli,RU,51.7102,143.2326,26.62,75,22,6.38,few clouds
535,Pangoa,PE,-12.1167,-73.0,70.5,82,51,3.13,broken clouds
536,Phan Thiet,VN,10.9333,108.1,84.33,63,100,4.43,overcast clouds
537,Olafsvik,IS,64.8945,-23.7142,44.83,84,95,14.36,light rain
538,Mareeba,AU,-17.0,145.4333,92.44,49,51,9.08,broken clouds
539,Pueblo Nuevo,MX,23.3833,-105.3833,51.12,64,55,4.52,broken clouds
540,Natal,BR,-5.795,-35.2094,77.32,78,20,8.46,few clouds
541,Tsumeb,NA,-19.2333,17.7167,75.58,36,6,9.31,clear sky
542,Staryy Nadym,RU,65.6118,72.6842,15.98,90,100,24.36,light snow
543,Price,US,39.5994,-110.8107,32.11,46,0,8.05,clear sky
544,Bambanglipuro,ID,-7.95,110.2833,81.75,73,100,0.72,overcast clouds
545,Pathein,MM,16.7833,94.7333,77.23,72,99,10.92,overcast clouds
546,Riberalta,BO,-10.9833,-66.1,79.61,66,97,2.84,overcast clouds
547,Vyartsilya,RU,62.1764,30.693,22.55,95,50,3.49,scattered clouds
548,Mogadishu,SO,2.0371,45.3438,78.89,83,9,9.44,clear sky
549,Sile,TR,41.1754,29.6133,65.07,65,100,4.0,overcast clouds
550,Cabo San Lucas,MX,22.8909,-109.9124,72.18,75,9,2.68,clear sky
551,Namuac,PH,18.6109,121.1657,83.17,74,98,12.55,overcast clouds
552,Wanning,CN,18.8003,110.3967,80.69,78,2,9.08,clear sky
553,Igede,NG,10.0544,5.9416,70.79,35,100,5.19,overcast clouds
554,Boyolangu,ID,-8.1181,111.8935,78.87,80,100,2.08,overcast clouds
555,Pathanamthitta,IN,9.2667,76.7833,75.72,93,100,2.01,overcast clouds
556,Pochutla,MX,15.7432,-96.4661,77.83,87,56,3.8,broken clouds
557,Banepa,NP,27.6298,85.5214,52.12,87,20,0.0,mist
558,Pyaozerskiy,RU,65.8333,31.1667,22.71,87,22,3.69,few clouds
559,Qostanay,KZ,53.1667,63.5833,3.49,85,0,0.0,clear sky
560,Oranjemund,NA,-28.55,16.4333,56.7,89,52,9.19,broken clouds
561,Sussex,US,41.1834,-74.6663,35.73,75,54,7.27,broken clouds
562,Majene,ID,-3.5403,118.9707,82.85,72,100,2.62,overcast clouds
563,Takikawa,JP,43.5528,141.9064,41.32,69,100,4.97,overcast clouds
564,Santa Vitoria,BR,-18.8386,-50.1214,76.24,33,0,3.62,clear sky
565,El Seibo,DO,18.7641,-69.0375,74.73,94,17,4.09,few clouds
566,Samarai,PG,-10.6167,150.6667,85.87,70,51,14.0,broken clouds
567,Taunggyi,MM,20.7833,97.0333,64.49,81,16,0.87,few clouds
568,Osakarovka,KZ,50.565,72.5692,2.39,100,94,4.68,overcast clouds
569,Columbia,US,34.0007,-81.0348,37.4,84,0,4.61,clear sky
570,Hofn,IS,64.2539,-15.2082,45.91,94,100,12.77,overcast clouds
571,Liusha,CN,27.2098,108.59,51.67,93,100,3.56,overcast clouds
572,Chimore,BO,-16.9833,-65.1333,78.71,48,93,3.42,overcast clouds
573,Svetlyy,RU,54.675,20.1347,33.96,87,90,12.06,overcast clouds
574,Humaita,BR,-7.5061,-63.0208,73.74,99,95,4.56,overcast clouds
575,Allingabro,DK,56.465,10.3341,43.07,81,99,7.0,overcast clouds
576,Naze,JP,28.3667,129.4833,71.96,82,50,1.88,scattered clouds
577,Port Blair,IN,11.6667,92.75,80.26,80,100,9.06,overcast clouds
578,Silale,LT,55.4906,22.1814,26.62,79,16,12.73,few clouds
579,Marivan,IR,35.5219,46.176,41.83,90,8,1.7,clear sky
580,Bilibino,RU,68.0546,166.4372,-26.07,100,91,1.36,overcast clouds
581,Bouca,CF,6.5105,18.2733,69.42,54,97,1.36,overcast clouds
582,Chissamba,AO,-12.1667,17.3333,60.75,96,8,2.82,light rain
583,Makakilo City,US,21.3469,-158.0858,80.92,66,75,10.36,broken clouds
584,Mugur-Aksy,RU,50.35,90.5,6.28,87,100,5.03,overcast clouds
585,Linjiang,CN,41.8069,126.9078,42.91,71,46,1.05,scattered clouds
586,Isangel,VU,-19.55,169.2667,83.44,72,48,12.73,scattered clouds
587,Kitimat,CA,54.0524,-128.6534,33.91,63,55,4.14,broken clouds
588,Okha,RU,53.5739,142.9478,22.57,76,100,6.64,overcast clouds
589,Opole,PL,50.5,18.0,33.4,84,98,6.62,overcast clouds
590,Harnosand,SE,62.6323,17.9379,30.0,80,99,4.36,overcast clouds
591,Stornoway,GB,58.2093,-6.3865,46.92,87,75,14.97,light rain
592,Arvika,SE,59.6553,12.5852,32.61,75,100,8.39,overcast clouds
593,Lubango,AO,-14.9172,13.4925,59.49,84,64,1.39,light rain
594,Bacolod,PH,10.6667,122.95,80.4,86,97,11.43,moderate rain
595,Antofagasta,CL,-23.65,-70.4,61.88,83,37,1.72,scattered clouds
596,Karratha,AU,-20.7377,116.8463,78.21,32,75,14.2,broken clouds
597,Djougou,BJ,9.7085,1.666,68.97,37,56,3.98,broken clouds
598,Pokrovka,KG,42.3414,78.0056,29.05,61,94,7.45,overcast clouds
599,Yulara,AU,-25.2406,130.9889,85.41,42,48,21.0,scattered clouds
600,Rancharia,BR,-22.2292,-50.8931,69.6,48,0,16.24,clear sky
601,Lethem,GY,3.3803,-59.7968,81.46,67,99,4.68,overcast clouds
602,Mahibadhoo,MV,3.7833,72.9667,80.76,79,100,16.44,moderate rain
603,Buritizeiro,BR,-17.3511,-44.9622,74.12,76,100,1.88,overcast clouds
604,Udachnyy,RU,66.4167,112.4,-30.46,100,22,3.83,few clouds
605,Mae Sot,TH,16.7167,98.5667,77.52,88,92,2.13,overcast clouds
606,Zyryanka,RU,65.75,150.85,-18.67,95,100,10.18,overcast clouds
607,Shihezi,CN,44.3,86.0333,26.37,76,78,4.85,broken clouds
608,Pomabamba,PE,-8.8333,-77.4667,51.44,80,76,4.56,broken clouds
609,Quatre Cocos,MU,-20.2078,57.7625,69.1,63,0,4.0,clear sky
610,Ambilobe,MG,-13.2,49.05,70.9,91,1,3.09,clear sky
611,Ternate,ID,0.8,127.4,84.88,71,26,4.9,scattered clouds
612,High Rock,BS,26.6208,-78.2833,73.42,73,100,16.49,overcast clouds
613,Dire Dawa,ET,9.5931,41.8661,67.12,54,54,2.95,broken clouds
614,Rio Gallegos,AR,-51.6226,-69.2181,49.68,63,1,6.04,clear sky
615,Bosobolo,CD,4.1833,19.9,71.62,91,98,2.53,overcast clouds
616,Kaya,BF,13.0917,-1.0844,71.65,18,0,7.7,clear sky
617,Murray Bridge,AU,-35.1167,139.2667,73.13,36,100,17.18,overcast clouds
618,Turukhansk,RU,65.8167,87.9833,6.82,86,100,24.47,light snow
619,Thakurganj,IN,26.45,88.1333,67.33,70,0,2.28,clear sky
620,Birin,NP,26.8865,88.0718,54.01,77,2,1.52,clear sky
621,Scarborough,GB,54.2797,-0.4044,50.92,94,100,4.0,overcast clouds
622,Paramonga,PE,-10.6667,-77.8333,64.17,85,76,5.61,broken clouds
623,Aberdeen,GB,57.1437,-2.0981,48.69,87,100,19.57,overcast clouds
624,Sovetskiy,RU,61.3614,63.5842,1.33,85,91,6.26,overcast clouds
625,Tallahassee,US,30.4383,-84.2807,48.04,74,0,0.0,clear sky
626,Srirampur,IN,22.9489,88.0189,70.39,56,6,6.69,clear sky
627,Aloleng,PH,16.1307,119.7824,85.39,68,98,11.56,overcast clouds
628,Hanna,CA,51.6334,-111.9018,4.86,80,92,1.99,overcast clouds
629,Kasane,BW,-17.8167,25.15,71.94,41,0,0.34,clear sky
630,Malinyi,TZ,-8.9333,36.1333,70.36,90,70,0.31,broken clouds
631,Severo-Yeniseyskiy,RU,60.3725,93.0408,-17.88,97,97,4.56,overcast clouds
632,Bilma,NE,18.6853,12.9164,66.34,23,37,8.01,scattered clouds
633,Foki,RU,56.693,54.3499,16.57,79,99,6.51,overcast clouds
634,Hermiston,US,45.8404,-119.2895,35.1,88,0,0.0,mist
635,Roald,NO,62.5833,6.1333,50.14,32,34,17.27,scattered clouds
636,Maigo,PH,8.1613,123.9583,81.75,79,99,3.83,overcast clouds
637,Sangamner,IN,19.5667,74.2167,64.04,51,0,2.93,clear sky
638,Hailar,CN,49.2,119.7,27.16,70,48,7.4,scattered clouds
639,Savelugu,GH,9.6244,-0.8253,74.17,29,10,2.08,clear sky
640,Hammond,US,41.5834,-87.5,32.2,70,75,14.97,broken clouds
641,Oktyabrskiy,RU,54.4815,53.471,26.44,95,100,13.49,light snow
642,Kloulklubed,PW,7.0419,134.2556,79.3,79,96,11.86,light rain
643,Kaeo,NZ,-35.1,173.7833,76.32,67,1,13.67,clear sky
644,Dingle,PH,10.9995,122.6711,79.57,89,100,12.71,light rain
645,Teya,RU,60.3778,92.6267,-15.45,98,99,4.61,overcast clouds
646,Puerto Carreno,CO,6.189,-67.4859,75.78,88,100,2.13,heavy intensity rain
647,Kropotkin,RU,45.4375,40.5756,57.54,57,100,22.03,overcast clouds
648,Upornaya,RU,44.3914,41.0196,48.16,63,100,6.44,overcast clouds
649,Mountain Home,US,43.133,-115.6912,26.08,74,20,0.0,few clouds
650,Sokolka,PL,53.4072,23.5023,26.67,93,100,5.77,overcast clouds
651,Jiangyou,CN,31.7667,104.7167,59.65,67,100,1.7,overcast clouds
652,Durban,ZA,-29.8579,31.0292,70.92,89,100,1.99,overcast clouds
653,Naica,MX,27.85,-105.4833,51.26,43,0,5.06,clear sky
654,Chivay,PE,-15.6383,-71.6011,52.03,43,74,4.79,broken clouds
655,Mizan Teferi,ET,6.9833,35.5833,59.54,87,1,3.13,clear sky
656,Kununurra,AU,-15.7667,128.7333,93.18,49,6,8.05,clear sky
657,Chernaya Kholunitsa,RU,58.8511,51.7154,11.7,85,5,4.92,clear sky
658,Namtsy,RU,62.7161,129.6658,-9.99,95,100,5.39,overcast clouds
659,Kantang,TH,7.4054,99.5156,78.91,86,100,3.89,overcast clouds
660,Joshimath,IN,30.5667,79.5667,48.13,20,0,6.96,clear sky
